"Right_Pupil_Size_Min","Left_Pupil_Size_SK","Left_Pupil_Size_Kurt","Right_Pupil_Size_SK","Right_Pupil_Size_Kurt","Y_Fixation_Data_Mean","Y_Fixation_Data_SD","AVG_Blink_Per_Minute","X_Fixation_Data_Var","X_Fixation_Data_SD","AVG_Saccade_Velocity","Y_Fixation_Data_SK","Fixation_Count","Blink_Count","X_Fixation_Data_Max","Y_Fixation_Data_Var","Y_Fixation_Data_Kurt","Left_Pupil_Size_Max","Right_Pupil_Size_Max","AVG_Saccade_Latency","X_Fixation_Data_Min","Class"
0.676292561183511,0.519559872591173,0.172420243265456,0.5684663083339,0.444485643804586,0.13792447522719,0.672436031116942,0.303021756348748,0.43388184432581,0.451583981512063,0.937988207615315,0.68947614560328,0.766561645382258,0.374450206212374,0.593102195141657,0.990034606014354,0.0249835046214054,0.639624423953577,0.292868159056247,0.990300605511222,0.521763219594771,"1"
0.46405216756627,0.519559872591173,0.172420243265456,0.449119474676913,0.217552415120213,0.498962331268006,0.500270355751803,0.708724858422545,0.668328127725546,0.613843260232958,0.091876553988987,0.826044771328937,0.168310818683786,0.684255338606571,0.60350795032653,0.972658719956852,0.0714858790145242,0.714921801826522,0.462429586978351,0.111993009570747,0.521763219594771,"1"
0.325772066582229,0.6693393363663,0.0387124899381244,0.393498451654377,0.675486192535667,0.850339489572744,0.905380702511647,0.650890494980092,0.789116010022189,0.634998062774287,0.526407872695531,0.316374094415006,0.168310818683786,0.894345026801411,0.560982544048494,0.90153895390136,0.973839734121168,0.546378945990413,0.265830694035353,0.339397904724136,0.521763219594771,"1"
0.330984658612759,0.0915130439323206,0.807641426550159,0.310171286008689,0.489358726683892,0.640328181264553,0.827388522837745,0.442667760217415,0.678559250324047,0.474291211301165,0.951481507051026,0.705758725448745,0.766561645382258,0.597329262727422,0.593102195141657,0.990034606014354,0.0249835046214054,0.672733846994319,0.453517393574988,0.960348882499489,0.521763219594771,"1"
0.20633159567665,0.119038872451557,0.927797405731689,0.165973509355016,0.548400216690091,0.832063514621643,0.968609641781517,0.209880144302651,0.45158439132035,0.491387512239026,0.864669229078264,0.749819336356724,0.024596991144854,0.234527238713127,0.785462782785119,0.652690733548867,0.703753820220228,0.606831353309579,0.292868159056247,0.816668416308697,0.521763219594771,"1"
0.54575868774631,0.619785590404987,0.718091670094299,0.590562370256563,0.675782365339441,0.694501610023177,0.97921751428006,0.551442880952761,0.713339672263367,0.634998062774287,0.786632042441054,0.721139141596689,0.297149551607601,0.7362898099975,0.964289857096788,0.845716865514778,0.206866648667298,0.290198827971583,0.265830694035353,0.643835082606477,0.521763219594771,"1"
0.146294669713712,0.144473991143291,0.885098979714281,0.226266136743258,0.851131476965213,0.529065127643662,0.471557137235278,0.443467781814973,0.414035099324939,0.583455514341144,0.724454432726115,0.366318997235369,0.487635208727738,0.378410411279259,0.760365373990455,0.909063711991954,0.216835106051625,0.393319899704575,0.00508734543426853,0.0493992065522564,0.521763219594771,"1"
0.840868881326561,0.95084168646383,0.226120108927334,0.23343297484313,0.697674760316773,0.464562954090585,0.560250160667385,0.643207300957583,0.341511294849751,0.321837392170542,0.954482776624225,0.898587662116909,0.443873216707258,0.646899962767193,0.78297453528553,0.756949022493844,0.0881513243319729,0.663912824793864,0.544803759484865,0.406591545944976,0.521763219594771,"1"
0.508774470624552,0.97950154678682,0.978862813093479,0.363385092631822,0.511851914309463,0.723575189669856,0.400161147433527,0.505058736241753,0.419508312868038,0.643006236305019,0.954482776624225,0.68491061798259,0.704995614510574,0.566206515628707,0.530779518395875,0.590180750312035,0.131089399606346,0.544488556437446,0.0234740133003942,0.958141332700757,0.521763219594771,"1"
0.484091293967996,0.119038872451557,0.927797405731689,0.270706056318696,0.650001941455539,0.285982439856014,0.292159604503302,0.392444930744264,0.61785100960849,0.446506175427873,0.676075492028571,0.546069509602934,0.725812456184733,0.164917734184289,0.752607545246879,0.901024157298499,0.0192760783387117,0.390958462939981,0.408124599244414,0.100643397220024,0.521763219594771,"1"
0.387118399479811,0.958576589582971,0.143822399560595,0.345127897932334,0.489490144982737,0.395415980779191,0.448043873691962,0.490178758442857,0.523276696891086,0.501804951685781,0.586541666049449,0.585237807076548,0.725812456184733,0.429500747714953,0.635978617803283,0.489142759486175,0.230697167322775,0.609296710343266,0.978462468472983,0.414745530518436,0.521763219594771,"1"
0.554981721779845,0.868077058000076,0.353167822631298,0.39643980882491,0.405311525134678,0.672379015858496,0.161944186721905,0.611146521668137,0.479234306855007,0.282679799319165,0.831621778972372,0.77014603773571,0.168310818683786,0.789085572143755,0.749511318039815,0.902147095047055,0.0866090742674967,0.530084467616076,0.453517393574988,0.684537795175161,0.521763219594771,"1"
0.55413909403544,0.0307444508144392,0.999663202984442,0.248929449605562,0.695660194479921,0.32312031674813,0.960121577941114,0.674812206900372,0.585721965349948,0.547432741413784,0.154607215541144,0.510553029705828,0,0.937270991234852,0.609353526253295,0.364978642852951,0.207829390125216,0.221268570626346,0.410008356980198,0.643835082606477,0.521763219594771,"1"
0.233636781801882,0.0121958559813599,0.417172069207421,0.171191213534633,0.745434275582589,0.576263437641344,0.968609641781517,0.448935082304273,0.646987616604366,0.551675855035092,0.971239768703383,0.33219243608758,0.432819401519442,0.213641393250507,0.815299773202545,0.96907489045986,0.0770728270627497,0.604017981383635,0.82954908027811,0.22302330988274,0.521763219594771,"1"
0.702766895302003,0.0120941022281175,0.750622745009145,0.414654501373239,0.261470414758506,0.679773435432097,0.161078525506966,0.654695925895646,0.738689172527213,0.710139179615001,0.617605869669968,0.892443991438355,0.121367035301574,0.518150415851356,0.880876060306319,0.415233097986262,0.0754931954134736,0.692301739415416,0.783653746019445,0.32265411598532,0.521763219594771,"1"
0.522302319817674,0.815377792298828,0.120857433625009,0.350215263828166,0.241939572962111,0.672379015858496,0.334161617381719,0.553980188121138,0.486513351475567,0.56789626086755,0.709675333591864,0.57045473711099,0.432819401519442,0.450929414590735,0.774118173085389,0.89925064242684,0.455075719573341,0.373074515765192,0.234537182371824,0.406591545944976,0.521763219594771,"1"
0.842844671368651,0.817546582554064,0.0369995983435058,0.553576191820903,0.380434424410717,0.725428828809996,0.21947128745876,0.256070577679462,0.843937255366999,0.576613113021671,0.494603756564708,0.755117954194921,0.14815762067026,0.124991725114105,0.877658162626831,0.896180532798269,0.0490346588257284,0.766722723372193,0.640089390658143,0.990300605511222,0.521763219594771,"1"
0.265875823404773,0.144473991143291,0.885098979714281,0.418795877836736,0.653522230605333,0.477200586382175,0.803291393044449,0.836186300342114,0.26583884153107,0.172228700167661,0.513265600095814,0.781769119101448,0.242627582216375,0.767964931440668,0.316909599182353,0.496717641754949,0.167280505683964,0.139887458381976,0.234537182371824,0.278282964015907,0.521763219594771,"1"
0.7332018930675,0.857954827234433,0.734692298247508,0.396202210891517,0.419622659301873,0.492712161947358,0.390892797815661,0.628584744470665,0.807485551744961,0.623295695999956,0.974061474592016,0.976613711171526,0.649687082185155,0.725634403381698,0.741245960006118,0.97737616325586,0.0508265778752711,0.806423580459429,0.353389581012727,0.696349394229343,0.521763219594771,"1"
0.771989666102027,0.817546582554064,0.0369995983435058,0.358377471118522,0.487568540190101,0.620960824738713,0.832262198212653,0.657093309554038,0.698377563441243,0.569468486152698,0.0243091684486671,0.833804985638199,0.488313199209571,0.503381917910004,0.689929209741405,0.853010010383494,0.0145500577892082,0.477881121028466,0.292868159056247,0.812563594171087,0.521763219594771,"1"
0.443371370119407,0.958257122409611,0.187529621808322,0.234593262280586,0.688375944474353,0.729265624600586,0.448043873691962,0.52116621534341,0.866309462479238,0.651507318386039,0.709675333591864,0.538877974414131,0.704995614510574,0.526280506558523,0.530779518395875,0.590180750312035,0.131089399606346,0.551238434256842,0.997060050444799,0.406591545944976,0.521763219594771,"1"
0.444803225722808,0.720984094953224,0.0894983904775058,0.286165785654718,0.672779246390046,0.669989066033386,0.471557137235278,0.504537394351188,0.452222767938145,0.241470716577079,0.504828580339565,0.519582674321694,0.190145850574295,0.46310534082312,0.937888558568514,0.97603193676052,0.0521303933708234,0.490799537114883,0.410008356980198,0.591965279205922,0.444293684792847,"1"
0.4137117496319,0.0167562805899009,0.996754296381986,0.296176851544004,0.665100755835295,0.773177608786549,0.560250160667385,0.310431226185825,0.627323313515425,0.393333717753376,0.033970091789677,0.553210056221579,0.443873216707258,0.382316949236529,0.78297453528553,0.756949022493844,0.0881513243319729,0.387189108420718,0.0234740133003942,0.479388383696862,0.0277426393178081,"1"
0.401836252405024,0.95084168646383,0.226120108927334,0.305013947466585,0.4670667465529,0.608605525392192,0.613705898357964,0.246771624054172,0.52450118973911,0.447562824784083,0.70468209339207,0.481315254935868,0.0820027309653693,0.198933549744632,0.49628120465993,0.679033797588349,0.115396426017487,0.438257815714397,0.339678087036219,0.509980268228931,0.521763219594771,"1"
0.567911572563919,0.817546582554064,0.0369995983435058,0.488449511049431,0.437915426628341,0.621490573506218,0.613705898357964,0.119827348962031,0.47242629602494,0.478974300291134,0.786632042441054,0.834049781129217,0.132255191459852,0.124991725114105,0.684114492746729,0.711003664102652,0.037407597168992,0.743567892376615,0.997060050444799,0.571199824035146,0.521763219594771,"1"
0.747443627730514,0.233474948593322,0.801864943966933,0.215921770397947,0.83194291060134,0.608473166218571,0.49888522905673,0.367663482823183,0.837250520644677,0.883573799584672,0.401543817130619,0.834095967157192,0.432819401519442,0.245231729701941,0.774118173085389,0.89925064242684,0.455075719573341,0.57070497052587,0.828045576126485,0.143193808809732,0.521763219594771,"1"
0.194878581940706,0.0167562805899009,0.996754296381986,0.355877855622379,0.691723987193507,0.730105624751538,0.291067080212348,0.445282553917678,0.65540064919304,0.548478606697139,0.709675333591864,0.596162607200901,0.407325167979548,0.646899962767193,0.573220434504943,0.956537251948121,0.154656985122536,0.637902907973759,0.544803759484865,0.898363635484704,0.125423212812022,"1"
0.25853902746788,0.390647022012113,0.468861400792837,0.270747838656279,0.734460892659704,0.55880668950383,0.292159604503302,0.383956335266593,0.421919823894212,0.267814395698986,0.0652717499752754,0.631860402824725,0.949110934193229,0.50020914749898,0.990259187203405,0.717715611723859,0.0341547069571337,0.272684845202719,0.367071783313809,0.857537218830779,0.521763219594771,"1"
0.474152154104011,0.878184175475949,0.198770863902807,0.44008487235386,0.47683252686511,0.810451503664088,0.613705898357964,0.624117872253206,0.583000696346804,0.8735861815082,0.476260314549428,0.975950566327154,0.267136980849881,0.429500747714953,0.926880130018948,0.541204992177813,0.316717082061541,0.614624866440296,0.353389581012727,0.571199824035146,0.521763219594771,"1"
0.474497971300549,1,0.526920894988458,0.344408368474532,0.725553737043685,0.636443171947186,0.448043873691962,0.715935599013262,0.677049043684653,0.533021933723769,0.937133326568514,0.376713699087293,0.809194415272647,0.831032578143536,0.99454411635419,0.941854380157719,0.0575044770257018,0.510988451197715,0.435530208187181,0.344988295526008,0.521763219594771,"1"
0.553305082514578,0.265612710645671,0.46455280323745,0.072447588909176,0.892062210820878,0.68903666999182,0.341694464310059,0.322584586380256,0.619766555441795,0.750000109867898,0.422890163817349,0.532329745272129,0.168310818683786,0.22380306282616,0.457198115699143,0.889303803474258,0.103322430522589,0.639821701003911,0.380997660535344,0.430067599260188,0.521763219594771,"1"
0.812250377042918,0.414407951585121,0.378669151631553,0.506207447326946,0.461501690796688,0.533865800268406,0.595780293646365,0.768166867870608,0.148983110911124,0.21284014486703,0.951481507051026,0.921513120920862,0.407325167979548,0.684255338606571,0.714347985615834,0.761702254593421,0.114344244156535,0.646422757505356,0.617429040872538,0.76363464229682,0.521763219594771,"1"
0.155729133817364,0.113927014796628,0.887357179487015,0.135468486042949,0.834473924593648,0.543355639772251,0.394836825814353,0.341663985423502,0.420314003665639,0.350786610314619,0.731120381494917,0.831738024787745,0.614175670205807,0.331032578143536,0.999409602305162,0.971348457355568,0.0833319230375057,0.462258132921713,0.435530208187181,1,0.0386124973381134,"1"
0.554607981580548,0.6693393363663,0.0387124899381244,0.21646765400878,0.675978687691869,0.280581133938466,0.832262198212653,0.504019127712319,0.305632084833429,0.310571588006648,0.091876553988987,0.798733940051039,0.853781864712589,0.562636419503719,0.66445259588667,0.933815192898172,0.115959354586507,0.863785120078982,0.958864018428598,0.197863225922252,0.521763219594771,"1"
0.817842297790277,0.0633169600851902,0.999832222873396,0.484138830528319,0.578149600133456,0.79568025902613,0.243829863531605,0.852940123732577,0.683924176324317,0.598206711732126,0.312967509678363,0.610304968176699,0.168310818683786,0.830789529159372,0.749511318039815,0.902147095047055,0.0866090742674967,0.544015940015413,0.899160410328397,0.479388383696862,0.0277426393178081,"1"
0.791110926288328,0.000913587991368884,0.991384659705553,0.228305570111432,0.524804746703106,0.616048464876283,0.960121577941114,0.376648302055374,0.86619115447831,0.784824785128149,0.968659145774043,0.638354448837992,0.383035259521001,0.4412022778784,0.70962938633724,0.94864459196198,0.0460753641005407,0.406153872525099,0.383055591065557,0.991011192883924,0.521763219594771,"1"
0.611735831421759,0.0915130439323206,0.807641426550159,0.216554252543668,0.524104475531562,0.668763348530762,0.448043873691962,0.205492176388234,0.578145064286233,0.253529500104084,0.617605869669968,0.973470374220696,0.686877058272025,0.156594669137749,0.631680794693147,0.846997083556582,0.514864121239818,0.538130828367832,0.993765006100228,0.538273646813508,0.521763219594771,"1"
0.283508063867042,0.324226516383408,0.097764330273303,0.306018918126055,0.859608142877247,0.406523512241314,0.975015550924507,0.584320983143203,0.764869498220049,0.589136467853288,0.951481507051026,0.80873819998719,0.259829892424779,0.647143011751358,0.878134543797141,0.947965088933803,0.0574615620735965,0.733120050311514,0.435530208187181,0.571199824035146,0.521763219594771,"1"
0.513986842352292,0.206997414299521,0.825876689286489,0.522193969209308,0.459261014733393,0.822339056974297,0.448043873691962,0.407981529945772,0.492649311716024,0.349775259029651,0.447908074458773,0.943992648538998,0.588273968060783,0.539004557624452,0.584519178398923,0.289025168574856,0.100814338856172,0.675117128839253,0.563994476246029,0.498202801030913,0.521763219594771,"1"
0.360485903038734,0.944600913664588,0.0550224014196467,0.448428898689966,0.716076293019032,0.813197978141816,0.634485419021344,0.108266915116192,0.391930015011922,0.321390147464593,0.864669229078264,0.613819126399644,0.588273968060783,0.0652850641829749,0.584519178398923,0.289025168574856,0.100814338856172,0.539725882452149,0.83597736234597,0.893971113375691,0.521763219594771,"1"
0.377248664121702,0.390647022012113,0.468861400792837,0.191414374904757,0.964314394122154,0.66975330795512,0.647223852580078,0.547487701634518,0.47734750605212,0.308440760212334,0.887021867583003,0.543510668345181,0.024596991144854,0.66832072308442,0.785462782785119,0.652690733548867,0.703753820220228,0.842164170266196,0.726274364337346,0.653920399199215,0.521763219594771,"1"
0.161098260325856,0.940571816613319,0,0.299265423355189,0.523346660484591,0.926214186050601,0.493958705320517,0.813557361577697,0.751808552942446,0.569567667847177,0.24565933973968,0.563173409179951,0.213796944305739,0.768207980424833,0.742005636430236,0.346154654776324,0.0677252461246187,0.56066758027015,0.521084632939327,0.636573467456982,0.521763219594771,"1"
0.443945538353767,0.90322567018464,0.00441903069718704,0.0825037912748623,0.794536783848476,0.62306398964103,0.954536279520068,0.490767748177445,0.426988245994757,0.167759289666218,0.476260314549428,0.988986654282861,0.407325167979548,0.342390940166345,0.766666976513615,0.899819802136936,0.111673070177581,0.439162149170653,0.353385331866688,0.409355352120734,0.521763219594771,"1"
0.309590181483423,0.614285688465315,0.0563264553337415,0.254241877537505,0.455796305025675,0.608045272129824,0.973399562408893,0.370158857433485,0.558132416349874,0.558714314896568,0.937133326568514,0.156181485134299,0.580277551332556,0.195505574043422,0.984155526946278,0.918808530781468,0.539919235431641,0.856386052082086,0.661602689407044,0.643835082606477,0.521763219594771,"1"
0.503874699417632,0.016119882943641,0.331422319840505,0.280801104984471,0.58872153980686,0.543577469092842,0.255999820134986,0.303121453069794,0.330339837518317,0.293759800414919,0.99358568679462,0.835428169470206,0.4595711092006,0.369794086783823,0.717029308324299,0.158975722143246,0.065229089114531,0.577174524143713,0.446964386087285,0.111993009570747,0.521763219594771,"1"
0.350926890854318,0.41056293635494,0.110730977927711,0.7477724116361,0.246769000034813,0.641364886256915,0.485746483143981,0.730226168304543,0.348240145200224,0.524183183240549,0.968659145774043,0.610701331853038,0.766561645382258,0.831032578143536,0.980028524297716,0.823411976711502,0.147159486441536,0.506333137798681,0.435530208187181,0.911680850240101,0.999195218266399,"1"
0.274324447817417,0.764330921928194,0.418496978170379,0.265434564433538,0.658440909118657,0.534348592540823,0.255999820134986,0.468277629242634,0.357980036299147,0.421628839420699,0.937988207615315,0.750302971180497,0.383035259521001,0.429500747714953,0.912340388732056,0.754593793862927,0.104487560693397,0.884035781827094,0.544803759484865,0.794119608400581,0.521763219594771,"1"
0.141055701586456,0.287664473000148,0.460853962676843,0.290908786575304,0.844294803479721,0.400600932711435,0.881820580079468,0.31836072209539,0.857953926393579,0.549813416752791,0.910658417946653,0.581011983734375,0.725812456184733,0.429500747714953,0.752607545246879,0.901024157298499,0.0192760783387117,0.588127304581231,0.516337572200616,0.972124173905169,0.521763219594771,"1"
0.279066177455818,0.682114055547895,0.299466409146061,0.276298135624091,0.632712980571032,0.963780619627278,0.827388522837745,0.408611805294131,0.815858544818028,0.702489604140029,0.951481507051026,0.472072736153433,0.297149551607601,0.519936718492905,0.720078773512685,0.955373923321043,0.0711424197250598,0.713933823247873,0.717750354625822,0.940095336555088,0.521763219594771,"1"
0.834686098972435,0.868077058000076,0.353167822631298,0.106815539676323,0.767140057626562,0.115450764125155,0.886566490619994,0.609659032586257,0.370021687366964,0.475024332322171,0.293282517603864,0.67464356246611,0.168310818683786,0.789085572143755,0.749511318039815,0.902147095047055,0.0866090742674967,0.868632243176629,0.954660957714117,0.935046644289653,0.521763219594771,"1"
0.520038292930395,0.815377792298828,0.120857433625009,0.532251203781349,0.233675769774395,0.880126579099465,0.824380431200708,0.333660723741379,0.529833958252804,0.580970775299398,0.16049730782975,0.902607042214462,0.725812456184733,0.22380306282616,0.752607545246879,0.901024157298499,0.0192760783387117,0.810437938950949,0.690090507250783,0.527531962037699,0.521763219594771,"1"
0.347324585157441,0.287664473000148,0.460853962676843,0.595472192647342,0.343967521566213,0.393464681457436,0.563895944850565,0.404277314291481,0.647776753225772,0.494981070069095,0.573750789093362,0.584987671986555,0.725812456184733,0.308800906750421,0.752607545246879,0.901024157298499,0.0192760783387117,0.223141238523141,0.00508734543426853,0.339397904724136,0.521763219594771,"1"
0.269563331261939,0.764330921928194,0.418496978170379,0.347367122623739,0.583247332146321,0.440575464156104,0.21947128745876,0.234036057318233,0.402418514308771,0.334529679180628,0.508427084206123,0.395337196882303,0.259829892424779,0.312452730962562,0.941123306819295,0.911364946356215,0.225435066326713,0.436926804450391,0.588676865666324,0.636475571733685,0.521763219594771,"1"
0.696532145081314,0.80809655580238,0.0321548979308379,0.444106110375105,0.515233030988993,0.516901999211929,0.49888522905673,0.221480667905812,0.595824556692527,0.428953483808477,0.919058781597348,0.946085120743035,0.580277551332556,0.249094245819291,0.944948011136153,1,0.0657001231276859,0.517451440330244,0.670393326693642,0.538273646813508,0.521763219594771,"1"
0.572054721444982,0.999740431163206,0.872294766887476,0.277448302447766,0.6039923130454,0.470651472294023,0.505530349757417,0.245748050835762,0.660885272399884,0.707321104427471,0.0243091684486671,0.697804775681119,0.112407434196547,0.0652850641829749,0,0.00653831950036574,0.18081865977089,0.673927050875703,0.83597736234597,0.76363464229682,0.521763219594771,"1"
0.908015744919782,0.925616504721772,0.334264411950862,0.170087955717124,0.848853887899457,0.407199718783216,0.940426532163472,0.577164090919137,0.5405016657787,0.405691610218479,0.508427084206123,0.644576786520164,0.168310818683786,0.684255338606571,0.560982544048494,0.90153895390136,0.973839734121168,0.82006864354243,0.670393326693642,0.104651081123351,0.521763219594771,"1"
0.670865580122872,0.414407951585121,0.378669151631553,0.0485194965709371,0.766095774871881,0.398373230182678,0.448043873691962,0.642616235417863,0.633047274093788,0.51349360524371,0.886720809195556,0.0528602128248803,0.536352913304729,0.710089688194839,0.864603627195286,0.652503022044364,0.907599086728858,0.922053740162714,0.362565711540276,0.739442820246874,0.521763219594771,"1"
0.660022399501625,0.239899526853476,0.718127484520725,0.471956859842245,0.340538751251806,0.749882569996996,0.647223852580078,0.687978728664498,0.703936291173987,0.532964379321643,0.440455494805686,0.612868908462228,0.168310818683786,0.789085572143755,0.749511318039815,0.902147095047055,0.0866090742674967,0.61710421225699,0.954660957714117,0.59629977190606,0.521763219594771,"1"
0.399136315685676,0.415557434047625,0.138702595838726,0.486185724925405,0.44919988475417,0.634677799243607,0.883523663133276,0.700193282337543,0.672545280410489,0.664913343826117,0.887813155291519,0.171751931419381,0.407325167979548,0.605196005751576,0.766666976513615,0.899819802136936,0.111673070177581,0.847800974824451,0.321086119318291,0.59629977190606,0.521763219594771,"1"
0.133616686485116,0.00881205147534903,0.431412200036929,0.38292218177767,0.464016174512721,0.908541719673815,0.483613561205022,0.709741192226979,0.597736542279216,0.460403722299145,0.617605869669968,0.74167713206774,0.487635208727738,0.731062719213135,0.842159197180124,0.174927763200529,0.77932075700928,0.235322125704822,0,0.893971113375691,0.521763219594771,"1"
0.249928613899251,0.0478973480399556,0.880550369374192,0.220291449307673,0.738543721932004,0.828432277975701,0.912065729608078,0.398048212602043,0.474065746196074,0.497525996975654,0.857695083830418,0.537294798246477,0.853781864712589,0.319968571486719,0.66445259588667,0.933815192898172,0.115959354586507,0.717628416281496,0.979165589003246,0.893971113375691,0.521763219594771,"1"
0.55890745180203,0.845940868086699,0.235792856769215,0.0575702242194856,0.963142170631138,0.4794765224523,0.483613561205022,0.759361208585955,0.522594160559163,0.24913830279943,0.00698768849192581,0.0776067657491083,0.536352913304729,1,0.864603627195286,0.652503022044364,0.907599086728858,0.427734448953068,0.688127217120681,0.404815536272257,0.521763219594771,"1"
0.726218043248118,0.0633169600851902,0.999832222873396,0.263597447117128,0.754663208395949,0.398874647150751,0.243829863531605,0.22066466602334,0.786085788175707,0.68900427229558,0.24565933973968,0.997526725934188,0.686877058272025,0.0262805065585232,0.631680794693147,0.846997083556582,0.514864121239818,0.326614393861558,0.408882436159005,0.339397904724136,0.521763219594771,"1"
0.525239341788758,0.183636625470642,0.4974865874429,0.24422372425808,0.854054728952149,0.850318126175319,0.827388522837745,0.509150374723061,0.460066780480429,0.556738474204433,0.526407872695531,0.584522464996752,0.213796944305739,0.463455908839819,0.742005636430236,0.346154654776324,0.0677252461246187,0.428707444980838,0.408882436159005,1,0.0386124973381134,"1"
0.542824035090128,0.00264801755224,0.457801887073516,0.295036920190324,0.680974896196874,0.44705962741654,0.563895944850565,0.660033666115619,0.648541699670749,0.718464826950906,0.867276702460076,0.603216436894112,0.267136980849881,0.562267246551875,0.720736550247896,0,0,0.430001159648402,0.383055591065557,0.732360665440492,0.521763219594771,"1"
0.530362705351399,0.614285688465315,0.0563264553337415,0.480482448502603,0.725730884368549,0.772933053816751,0.940426532163472,0.614506982613861,0.514881449647996,0.389148159695376,0.526407872695531,0.315621890445313,0.0685605058047297,0.894345026801411,0.566109226857881,0.993769143537636,0.259093513003529,0.524940524611236,0.635062577205813,0.972124173905169,0.521763219594771,"1"
0.624911071741162,1,0.526920894988458,0.498737875310289,0.709907526432272,0.314602366368334,0.648239409218987,0.397916544633886,0.374056005344742,0.374155650086624,0.324852307443655,0.579896377692805,0.0820027309653693,0.146420391989886,0.49628120465993,0.679033797588349,0.115396426017487,0.482683616204156,0.353385331866688,0.234737577934368,0.521763219594771,"1"
0.384941525771915,0.415557434047625,0.138702595838726,0.427948519152295,0.164404838699466,0.324700540488523,0.291067080212348,0.877038120076755,0.300385250152328,0.452959638900777,0.0114070253066837,0.99374257858484,0.725812456184733,0.937175402281296,0.585989751542655,0.977087195769327,0.0538605884633727,0.558147209419993,0.336900589994227,0.935046644289653,0.521763219594771,"1"
0.270722446280647,0.983547924349456,0.273786049120679,0.172958402804608,0.665078677752281,0.558760073444692,0.255999820134986,0.842332926387422,0.28797010218261,0.236035561763037,0.737561968629981,0.972260405295072,0.809194415272647,0.875275532811735,0.99454411635419,0.941854380157719,0.0575044770257018,0.653366962416047,0.958864018428598,0.940095336555088,0.521763219594771,"1"
0.390328791817918,0.940571816613319,0,0.0665008610091308,0.800780038827665,0.266246202028448,0.108890047524779,0.448876365009753,0.93506975718007,0.710139179615001,0.91905081929199,0.269434681937427,0.487635208727738,0.194601229642943,0.760365373990455,0.909063711991954,0.216835106051625,0.583359714059028,0.83597736234597,0.100643397220024,0.521763219594771,"1"
0.434812832663886,0.720984094953224,0.0894983904775058,0.512251730004299,0.51527602775506,0.626223386056384,0.390892797815661,0.556200569285261,0.359031981055797,0.321215645189564,0.737561968629981,0.994666023889025,0.168310818683786,0.387796790699337,0.457198115699143,0.889303803474258,0.103322430522589,0.645658307248669,0.954660957714117,0.430067599260188,0.521763219594771,"1"
0.506055286439303,0.00264801755224,0.457801887073516,0.139576278757511,0.945065338906727,0.965649361447814,0.415834107864412,0.365080996089813,0.480101787714087,0.244238199280565,0.971239768703383,0.312668324797201,0.242627582216375,0.463455908839819,0.316909599182353,0.496717641754949,0.167280505683964,0.693624733020207,0.640089390658143,0.100643397220024,0.521763219594771,"1"
0.399279388794267,0.183636625470642,0.4974865874429,0.328475724010272,0.480554841630051,0.534775251492752,0.505530349757417,0.363767842508314,0.722896639254647,0.676472481255676,0.990891922269368,0.234723607657811,0.4595711092006,0.45918393401413,0.717029308324299,0.158975722143246,0.065229089114531,0.628500236415451,0.265830694035353,0.958141332700757,0.521763219594771,"1"
0.7867626443078,0.746522278823445,0.368455411007777,0.442937428293762,0.365159793019614,0.731205776366831,0.422547572368878,0.202767096856623,0.543958389172312,0.387333657552879,0.0625239345309669,0.647189549017869,0.4595711092006,0.249094245819291,0.717029308324299,0.158975722143246,0.065229089114531,0.555347745578171,0.462429586978351,0.602247882953553,0.521763219594771,"1"
0.395325375242601,0.251712214668794,0.932225871361587,0.189000768969548,0.668482789444499,0.684480664774559,0.954536279520068,0.217603407556854,0.608652052765244,0.598240485776811,0.919058781597348,0.624616749066222,0.917553816488669,0.22380306282616,0.865842343471754,0.470324810096952,0.127079655325676,0.639237225811455,0.284312008257894,0.406591545944976,0.521763219594771,"1"
0.501818900029444,0.857954827234433,0.734692298247508,0.155959768727571,0.960471292610147,0.400938014734269,0.832262198212653,0.67330366361202,0.7697689633737,0.686513790389558,0.508427084206123,0.198022573159249,0.766561645382258,0.728423066973346,0.593102195141657,0.990034606014354,0.0249835046214054,0.519429806289071,0.487805247785122,0.643835082606477,0.521763219594771,"1"
0.577149520467097,1,0.526920894988458,0.256634483132596,0.513616091256237,0.432113359884436,0.767149357909258,0.449456297156818,0.662904670909738,0.727818361567926,0.893574647024203,0.196043004367526,0.432819401519442,0.312452730962562,0.815299773202545,0.96907489045986,0.0770728270627497,0.652299984576856,0.661602689407044,0.228392465629904,0.521763219594771,"1"
0.679992127206909,0.251712214668794,0.932225871361587,0.260495633084361,0.733064640438821,0.623140081211396,0.995842827113897,0.357049587994544,0.594825914982069,0.423815033955431,0.401543817130619,0.598928510040212,0.383035259521001,0.51889059494526,0.912340388732056,0.754593793862927,0.104487560693397,0.740477559881142,0.899266025222667,0.550005892025561,0.521763219594771,"1"
0.239645959742894,0.0478973480399556,0.880550369374192,0.136632713010638,0.899119817631641,0.610934759099767,0.560250160667385,0.554208583127278,0.362213427246437,0.223013547708634,0.617605869669968,0.86084253825556,0.296917170635243,0.639276268727203,0.191312421498677,0.833905221526094,0.0771609171498697,0.378608176680285,0.435530208187181,0.76363464229682,0.521763219594771,"1"
0.600898346777134,0.857954827234433,0.734692298247508,0.276233942507381,0.853803025906268,0.131728451658499,0,0.503298467442536,0.518566280723609,0.589915610274972,0.857695083830418,0.684004354417708,0.2107070807371,0.5,0.816668530963802,0.226353682431464,0.128222647150087,0.797507864998972,0.726274364337346,0.602247882953553,0.521763219594771,"1"
0.504531355575674,0.983547924349456,0.273786049120679,0.452265801355069,0.47529188333736,0.654785644002034,0.199447734795519,0.822377449356773,0.460152688682896,0.529258698305491,0.864669229078264,0.828413112308014,0.267136980849881,0.767964931440668,0.720736550247896,0,0,0.522396584880036,0.963817817591169,0.845820098539493,0.521763219594771,"1"
0.349708281881959,0.538009499957411,0.113345131665843,0.504171214737504,0.450450146361531,0.884263873832985,0.64948161741925,0.435061168734021,0.241026415344911,0.185697129898514,0.16049730782975,0.787096535002983,0.725812456184733,0.333803574058885,0.8529820478118,0.684875225315824,0.0333061129342682,0.653299013712339,0.763769315759668,0.845820098539493,0.521763219594771,"1"
0.146294669713712,0.144473991143291,0.885098979714281,0.427817035032253,0.776087154048852,0.691139816509164,0.448043873691962,0.510245189591156,0.467436765332603,0.37819601093259,0.709675333591864,0.57045473711099,0.383035259521001,0.429500747714953,0.912340388732056,0.754593793862927,0.104487560693397,0.383329480656696,0.234537182371824,0.406591545944976,0.521763219594771,"1"
0.556032797478727,0.016119882943641,0.331422319840505,0.461422905626292,0.569528481525668,0.361515924984728,0.161944186721905,0.522237426320042,0.744251242980279,0.725070212238436,0.864669229078264,0.418189905699177,0.704995614510574,0.687360886691984,0.939424376581098,0.989750676849499,0.0379451484262665,0.394057728133463,0.142008387362207,0.857537218830779,0.521763219594771,"1"
0.488644759035705,1,0.526920894988458,0.491915616600228,0.513861663236495,0.423363397090538,0.97921751428006,0.506876884373372,0.877013869435169,0.750000109867898,0.0652717499752754,0.732460824458921,0.168310818683786,0.526280506558523,0.749511318039815,0.902147095047055,0.0866090742674967,0.552600772351989,0.640089390658143,0.538273646813508,0.521763219594771,"1"
0.791912096472013,0.182214205872523,0.408775783818476,0.300810883819468,0.70547937934583,0.770717651433572,0.975015550924507,0.441659424044019,0.609509525335699,0.381774323649876,0.702575103792559,0.985551055160103,0.614175670205807,0.25530588769333,0.993331403392443,0.274814621607925,0.249072275087963,0.848746271649752,0.993765006100228,0.409355352120734,0.521763219594771,"1"
0.453403956166776,0.234035456187483,0.896484563282903,0.373193834255289,0.950009574738716,0.255455775213443,0.84381391002587,0.357041892670159,0.595885537393109,0.495579292779715,0.887021867583003,0.57853094646925,0.487635208727738,0.457406295228175,0.760365373990455,0.909063711991954,0.216835106051625,0.845906495308972,0.954660957714117,0.430067599260188,0.521763219594771,"1"
0.390810261756346,0.234035456187483,0.896484563282903,0.295907775524745,0.613700493601357,0.594226214415914,0.655331493478122,0.587294412205924,0.818867502386877,0.694758777767534,0.724454432726115,0.54104781699264,0.383035259521001,0.605196005751576,0.70962938633724,0.94864459196198,0.0460753641005407,0.739913918324509,0.954660957714117,0.35835259716092,0.521763219594771,"1"
0.504614898482273,0.0915130439323206,0.807641426550159,0.119313538414402,0.836864393701498,0.691139816509164,0.634485419021344,0.444006129987849,0.644932898642503,0.576937946360075,0.586541666049449,0.374842138751621,0.580277551332556,0.382316949236529,1,0.905287164688586,0.0545351696654712,0.390270875568488,0.0234740133003942,0.696349394229343,0.521763219594771,"1"
0.162364940143581,0.00264801755224,0.457801887073516,0.543400642809669,0.632931722380326,0.211698043705085,0.613705898357964,0.370759357976578,0.486877435867124,0.604673158087429,0.275361905046414,0.511448400495141,0.432819401519442,0.266154551005253,0.815299773202545,0.96907489045986,0.0770728270627497,0.652202265174944,0.339678087036219,0.35835259716092,0.521763219594771,"1"
0.78169308005212,0.95084168646383,0.226120108927334,0.344421491696971,0.635570945966915,0.305690304777048,0.415834107864412,0.369421383229801,0.852755900565824,0.723075656287188,0.417171639958698,0.85390932947144,0.853781864712589,0.476446458835739,0.66445259588667,0.933815192898172,0.115959354586507,0.59232387718912,0.566248688230482,0.636475571733685,0.521763219594771,"1"
0.513879064795332,0.940571816613319,0,0.297095138763412,0.343144298016881,0.636527889793685,0.678971743327032,0.477308055399599,0.692327861708,0.760043314387069,0.513265600095814,0.891823533063669,0.614175670205807,0.429500747714953,0.993331403392443,0.274814621607925,0.249072275087963,0.790983512008155,0.353389581012727,0.898363635484704,0.125423212812022,"1"
0.342406153839692,0.296224865757648,0.652534249465201,0.0517837668256057,0.685154279483415,0.667631669036521,0.84381391002587,0.630994697889803,0.525770355292385,0.563140394915292,0.951481507051026,0.596606616100069,0.809194415272647,0.684098713891159,0.99454411635419,0.941854380157719,0.0575044770257018,0.64407972841349,0.367071783313809,0.414745530518436,0.521763219594771,"1"
0.0506725647893568,0.00881205147534903,0.431412200036929,0.224164470881838,0.488195373082435,0.421571310927891,0.390892797815661,0.654130580302847,0.955041941883096,0.819235641032397,0.702575103792559,0.994355117128455,0.649687082185155,0.683930446366082,0.741245960006118,0.97737616325586,0.0508265778752711,0.868632243176629,0.954660957714117,0.795725944652509,0.521763219594771,"1"
0.291263793612822,0.00673878831729836,0.340932171709443,0.240130138744317,0.629753050775334,0.501538905831852,0.631693098539892,0.727818503434118,0.467676630590754,0.311400415023329,0.742064015970934,0.437508470862281,0.725812456184733,0.688136754779693,0.8529820478118,0.684875225315824,0.0333061129342682,0.651044180915701,0.635062577205813,0.822256217174883,0.515370465034267,"1"
0.463003296221271,0.206997414299521,0.825876689286489,0.715353986172053,0.381853772019014,0.697132133427089,0.968609641781517,0.223586130456719,0.433008636828132,0.548478606697139,0.24565933973968,0.995898951385236,0.487635208727738,0.319968571486719,0.911473824178473,0.829107207128919,0.0706285146538667,0.886521177374145,0.938667047909361,0.821321279984332,0.521763219594771,"1"
0.389323713298908,0.206997414299521,0.825876689286489,0.210250924144928,0.68389858628223,0.231108962864415,0.400161147433527,0.529601795213909,0.522267499699825,0.41633965414158,0.886720809195556,0.170773147976721,0.407325167979548,0.7362898099975,0.766666976513615,0.899819802136936,0.111673070177581,0.698198746074518,0.899266025222667,0.893971113375691,0.521763219594771,"1"
0.66724699938972,0.619785590404987,0.718091670094299,0.226039788327311,0.464989480428425,0.525399920626188,0.341694464310059,0.307708683489569,0.374706752686998,0.229185825387173,0.887813155291519,0.429094126012348,0.383035259521001,0.429500747714953,0.912340388732056,0.754593793862927,0.104487560693397,0.861114874181634,0.963817817591169,0.488999661938594,0.521763219594771,"1"
0.376156520110779,0.724991192953326,0.417596797420464,0.583466005037422,0.421459248890945,0.591083506788704,0.868133825040533,0.455140757489401,0.362394968655994,0.150880696412981,0.0625239345309669,0.577716474689121,0.517068388328742,0.60562660000008,0.154289491299839,0.247898168829797,0.026141736331173,0.580445381696266,0.42179419536797,0.509980268228931,0.521763219594771,"1"
0.275114108472101,0.983547924349456,0.273786049120679,0.464552596020328,0.558384143164064,0.714228173911964,0.178425889126423,0.661887554223068,0.395461341974389,0.383493120808429,0.091876553988987,0.699707660711503,0.168310818683786,0.805198228555268,0.560982544048494,0.90153895390136,0.973839734121168,0.291231842529652,0.435530208187181,0.488999661938594,0.521763219594771,"1"
0.783694742655497,0.197134892099364,0.941512675502928,0.435699149016,0.350797940345411,0.568056859984459,0.648239409218987,0.499354742194613,0.484214020558794,0.374885950441264,0.356107584259365,0.371757294384756,0.402771350646737,0.249094245819291,0.66510427889091,0.993462589094999,0.187096940217681,0.46685851117186,0.244366756105617,0.696349394229343,0.521763219594771,"1"
0.779430937031158,0.10380678491092,0.988577995700898,0.0471544408849916,0.960599362460575,0.720214449947548,0.292159604503302,0.322119696904792,0.418582324446237,0.411429460539666,0.0243091684486671,0.99366355542929,0.949110934193229,0.47270510274557,0.990259187203405,0.717715611723859,0.0341547069571337,0.538453948851682,0.987991156590789,0.339397904724136,0.521763219594771,"1"
0.25656537761224,0.0478973480399556,0.880550369374192,0.262462747402124,0.682607185689855,0.728046126883635,0.108890047524779,0.256073110830401,0.708963459110016,0.775467322147439,0.709675333591864,0.399335571666604,0.132255191459852,0.124991725114105,0.684114492746729,0.711003664102652,0.037407597168992,0.818615416613064,0.83597736234597,0.946143871882173,0.521763219594771,"1"
0.810741707371882,0.946764047507571,0.123185846908938,0.325898060618938,0.425958260583342,0.50188374921761,0.868133825040533,0.18131228618181,0.333936618463974,0.307857113436566,0.70468209339207,0.346929642041237,0.917553816488669,0.231318903350317,0.865842343471754,0.470324810096952,0.127079655325676,0.623093799734785,0.979165589003246,0.940095336555088,0.521763219594771,"1"
0.276861840397329,0.356575650799217,0.204067629974389,0.379934019033632,0.304950309465365,0.831450591185235,0.563895944850565,0.688142412813149,0.666158363272193,0.569495003990253,0.975076157889689,0.626793377295372,0.547929101172447,0.767964931440668,0.901687254250547,0.972598656362018,0.0558224697594544,0.855073767339155,0.544803759484865,0.241146218146905,0.521763219594771,"1"
0.354718212949745,0.188663495845104,0.808822553670559,0.44519712456593,0.681784712222181,0.375812599999814,0.505530349757417,0.456049085546189,0.848182683664604,0.659961871288181,0.440455494805686,0.491437010528739,0.900396270727941,0.598989956533551,0.0893937522720377,0.925948851095446,0.0465472951150761,0.52772199066523,0.435530208187181,0.479388383696862,0.0277426393178081,"1"
0.163508573502631,0.978474226399883,0.0660216885925114,0.306888785427006,0.582563422824181,0.7112816600596,0.97921751428006,0.227558337864464,0.527904705764372,0.45623821424671,0.440455494805686,0.456708037411201,0.725812456184733,0.164917734184289,0.635978617803283,0.489142759486175,0.230697167322775,0.76999499239523,0.292868159056247,0.935046644289653,0.521763219594771,"1"
0.566078404473655,0.983547924349456,0.273786049120679,0.0422027680855672,0.964950590073435,0.986416778570331,0.563178183047662,0.373568599513428,0.537641672800321,0.438634366364485,0.937988207615315,0.693018338393727,1,0.213641393250507,0.969322810855592,0.764932639520418,0.0983946447042135,0.701485625518501,0.997060050444799,0.795725944652509,0.521763219594771,"1"
0.443536090104152,0.0478973480399556,0.880550369374192,0.146241382941349,0.498825991582945,0.444943052542913,0.394656583266728,0.535736255801171,0.527896436375014,0.607084424884534,0.970747029822608,0.395576199234682,0.168310818683786,0.308800906750421,0.457198115699143,0.889303803474258,0.103322430522589,0.124163757147657,0.00508734543426853,0.812563594171087,0.521763219594771,"1"
0.423426116924088,0.614285688465315,0.0563264553337415,0.375537196315909,0.866210214035112,0.827760458540759,0.290731362489432,0.516945703275546,0.449980840753376,0.364061748491727,0.857695083830418,0.628534700800308,0.841190715459279,0.369794086783823,0.919330541635854,0.60743570430019,0.0735434782714518,0.679955909052008,0.446964386087285,0.940095336555088,0.521763219594771,"1"
0.472724214252432,0.0120941022281175,0.750622745009145,0.408195114389653,0.572270890935604,0.456819780677159,0.45322147037741,0.387149379737342,0.626029216070846,0.39332879831627,0.425343370248554,0.7127584150753,0.112407434196547,0.502109898447572,0,0.00653831950036574,0.18081865977089,0.855998776218545,1,0.571199824035146,0.521763219594771,"1"
0.866135198983082,0.946764047507571,0.123185846908938,0.185884160112675,0.911398646647499,0.733960689862023,0.647223852580078,0.486684866645122,0.513093427599781,0.591737767439424,0.356107584259365,0.509546666450348,0.364764583408403,0.397450574886823,0.662126763359295,0.885313940502503,0.573808111925067,0.514990014212123,0.462429586978351,0.576886552711321,0.521763219594771,"1"
0.805116465669755,0.619785590404987,0.718091670094299,0.497131427819239,0.582236954924521,0.934231938660618,0,0.301514423994915,0.503646836458344,0.456138278324569,0.0169700966990827,0.46644687729239,0.432819401519442,0.370507397479597,0.774118173085389,0.89925064242684,0.455075719573341,0.494247867667597,0.218266898576443,0.643835082606477,0.521763219594771,"1"
0.404657504054432,0.839990982739124,0.576533190655743,0.154308427976851,0.716479702518737,0.589835623042165,0.471557137235278,0.538035876926882,0.325157530946185,0.199323317503838,0.937133326568514,0.189134507412654,0.547929101172447,0.503381917910004,0.901687254250547,0.972598656362018,0.0558224697594544,0.476777782643804,0.0234740133003942,0.618997094353595,0.521763219594771,"1"
0.272158948898607,0.167627992658302,0.754135422986361,0.209380049216205,0.945210540330411,0.354729978339961,0.238482753360959,0.619240836812995,0.654173936277374,0.543046709771403,0.590490253113426,0.837198890937204,1,0.639033219743039,0.393962442552011,0.958229546745138,0.084953619487169,0.219328958627633,0.0582605204491297,0.408030678783576,0.521763219594771,"0"
0.693452371099902,0.968644244050387,0.227198476012884,0.559306595741489,0.491966000249098,0.388681327795587,0.280464490613103,0.167536782699238,0.519603496547204,0.488288282610536,0.172979688811215,0.13285951649471,0.267136980849881,0.164917734184289,0.769458503875773,0.809617378748457,0.0920556098542741,0.895383043668401,0.947152389600962,0.445115757573377,0.521763219594771,"0"
0.59987164277754,0.0813447114179271,0.982306661209835,0.41398696695084,0.802489373174861,0.0858336953509065,0.95943306578675,0.558526816496027,0.891970083826992,0.706369603545715,0.911056477058096,0.999030167969954,0.383035259521001,0.63142606390754,0.833571136699291,0.81812527429347,0.199151201809077,0.615750917309486,0.54063119998083,0.433699825846698,0.521763219594771,"0"
0.467638282522112,0.101320142124259,0.984759307690778,0.701415535147126,0.165629017891756,0.249194208421617,0.855330139257411,0.516597576467008,0.664144264106738,0.43943802081165,0.362530931805124,0.889889357997867,0.329627194791779,0.357850532887779,0.171482058459246,0.691556594793359,0.101824570708511,0.451863358334522,0.308911266903384,0.551724226042111,0.521763219594771,"0"
0.732247790997319,0.0206628543512644,0.988480623946671,0.103629048205384,0.273829081024015,0.271390221220546,0.998690510224186,0.79405791936167,0.930756910640552,0.878558695179106,0.674611046179125,0.687914322857603,0.704995614510574,0.767957378390015,0.722208880234478,0.885060398608331,0.0239518311844751,0.41380310535547,0.316866385468276,0.534946912651138,0.521763219594771,"0"
0.587252786225351,0.0494036166563275,0.345129040935757,0.688031223460571,0.092350790777775,0.202081607648367,0.991243639318154,0.928638304080322,0.7708664097991,0.418407232422918,0.251556858362574,0.615399135731664,0.4595711092006,0.937175402281296,0.431629111180482,0.975426060648869,0.848399453080945,0.187987610381427,0.145897195597763,0.318463428771574,0.521763219594771,"0"
0.765348523754582,0.0251195887734973,0.863798367471288,0.341527018643157,0.279919011081421,0.193882890699373,0.831609644003584,0.824712599848587,0.392238651436324,0.116200697340698,0.615001019692533,0.531271937800861,0.488313199209571,0.750367512048233,0.00992032514300602,0.442751220216445,0.215389027023714,0.346271481054565,0.197583605519227,0.508145901114835,0.0720726363525395,"0"
0.55744233833992,0.0167213118344325,0.973383242869451,0.357627161341571,0.216029735022525,0.235348551106695,0.420884716255363,0.507776096302384,0.928993931271357,0.845205283698692,0.843110521512214,0.943986981161598,0.432819401519442,0.605196005751576,0.857447869584607,0.40306036195536,0.0920413493886535,0.413370297596555,0.422288088596033,0.850323081588472,0.521763219594771,"0"
0.456416434630267,0.0104082093602211,0.887651622455298,0.269012521453559,0.494607354572,0.397248787472589,0.834608546772838,0.963449327110693,0.890873077602172,0.670509372694355,0.992866621967279,0.570739689227249,0.766561645382258,0.937175402281296,0.766569906188945,0.986673597414432,0.155912804869837,0.730441176195508,0.478931077686286,0.445677263760144,0.521763219594771,"0"
0.316914431053667,0.0345224431178597,0.988837048460664,0.736549133974663,0.590510212920498,0.534437156662266,0.932272114438506,0.455965010995326,0.796289172200988,0.511402863949846,0.313981618912368,0.507418250154294,0.297149551607601,0.312452730962562,0.71938373687924,0.609756799291191,0.676750094172127,0.30907345608338,0.313036933023037,0.430526546297372,0.312063909896161,"0"
0.327982273635847,0.308754665487587,0.708110015493846,0.206049647889116,0.884684715791805,0.460959549588504,0.944619241015558,0.047805641483007,0.349112129749919,0.229519759953188,0.36654600367508,0.37708833297778,0.0561753446438987,0.0662065156287072,0.82792033216283,0.0452809705046766,0.274683153159612,0.884549270374395,0.802674280324883,0.738738373187977,0.521763219594771,"0"
0.835033983202116,0,0.784113963836252,0.158611013856866,0.537666262829566,0.718613643370634,0.834421693135528,0.409574391242592,0.944828994025642,0.935140434978087,0.53561059134537,0.811370076069448,0.766561645382258,0.325037081373695,0.860448515946845,0.534244290100523,0.0534838617913338,0.844966134425707,0.945640536687401,0.587834304779454,0.521763219594771,"0"
0.584848825135795,0.0148905526474716,0.926410752963742,0.205457674367357,0.971876351184276,0.608165551531586,0.808344568030802,0.653087259330979,0.919863455058529,0.816898571644004,0.823262332167904,0.713597583678424,0.383035259521001,0.586021996132952,0.984907939005198,0.980167468272057,0.0524719815121929,0.351862499404607,0.518643545271423,0.543367231103753,0.521763219594771,"0"
0.631157625958435,0.105466409063227,0.281014502573322,0.536906067882419,0.197018195820164,0.582235208542123,0.824337029029347,0.721587233253665,0.864471435964944,0.590199678095727,0.227533499253039,0.761246957935619,0.809194415272647,0.805198228555268,0.839346853467066,0.752020310806067,0.620757328228407,0.529383121239755,0.2764561860958,0.670584501605369,0.521763219594771,"0"
0.301785075615087,0.23737649613475,0.506010430127239,0.532399556676478,0.261866761410317,0.539392692067127,0.882234171391536,0.566467433287738,0.430049369688553,0.574489657767681,0.735770756727056,0.812465865276827,0.213796944305739,0.562267246551875,0.496327331744305,0.604202362576778,0.042643871190142,0.342106333022539,0.104657937837064,0,0.521763219594771,"0"
0.863142161761541,0.00489435528021703,0.905019754339539,0.172142807848765,0.788493636652128,0.547802283253432,0.88052122660277,0.62000058638525,0.840878351908472,0.837647002996256,0.559622753129507,0.55948579945137,0.725812456184733,0.750367512048233,0.8010912881346,0.632221366474736,0.25891034484066,0.40331153509323,0.324952783277663,0.584969433209469,0.521763219594771,"0"
0.426684563491872,0.993302865852971,0.269275316098427,0.825136750065928,0.382872151991409,0.460143478288439,0.720985599870892,0.0549056439840971,0.634261395615914,0.773598776721274,0.251510246522565,0.662076054305705,0.242627582216375,0,0.878129681138652,0.789850988587519,0.420981256576612,0.360876261299935,0.244038751021604,0.421235284471576,0.521763219594771,"0"
0.536335819895607,0.00441805311229988,0.895166815955407,0.409281735371179,0.559626200232244,0.182015560683526,0.104462696402009,0.547364707372835,0.648630685268238,0.369863419343073,0.395121479724011,0.629550584423185,0.168310818683786,0.51889059494526,0.854175569869415,0.59020295058719,0.107218857649082,0.81978570559641,0.386989409466304,0.308714561583049,0.0175175504269812,"0"
0.510278996600813,0.988309258485365,0.532469451494155,0.810216785600735,0.245107725314159,0.150582476672314,0.500114885990649,0.687930031017964,0.863590158130742,0.620625874639346,0.0788445495720517,0.477431086659512,0.402771350646737,0.710089688194839,0.177645001228671,0.464544343575449,0.545623219053769,0.111130578971507,0.143819120355796,0.653196585005346,0.349620680327553,"0"
0.263395448281404,0.854009329361331,0.0790310614462479,0.924933680773429,0.147154877105586,0.798518952811653,0.257246511669054,0.207764272052993,0.599161967802884,0.599962345261512,0.227979178333838,0.9312093904759,0.329627194791779,0.213641393250507,0.0832270750122585,0.615924557399204,0.986022300982535,0.437672308339313,0.426366967553843,0.472109790163263,0.521763219594771,"0"
0.504962440111788,0.210495953867301,0.949895618667004,0.286254407106958,0.978683864707674,0.846004627095254,0.844059319499087,0.579882437674597,0.586718516355751,0.744172354454972,0.965859831425826,0.182994939360169,0.329627194791779,0.51839346483552,0.736493091281262,0.581172732090536,0.0516678584043485,0.822788072455372,0.643709871110808,0.817857145509366,0.521763219594771,"0"
0.1870645749296,0.0803628730184585,0.928390079705596,0.441181833651378,0.473981949212192,0.431251163540822,0.130492919046622,0.57168220518283,0.442969088121629,0.394991809699525,0.800192948050756,0.749498120460568,0.31688630711787,0.691385966419556,0.771846940716216,0.401116333686576,0.237914328825528,0.542415289647948,0.876309109473696,0.550056954756547,0.521763219594771,"0"
0.64966533889656,0.766977915827595,0.333760751543555,0.241020879260789,0.638533092592531,0.79575488043563,0.861852533989498,0.834196857095584,0.729617094828603,0.682415984701206,0.0900322351210964,0.0333678044035794,0.024596991144854,0.812450935093031,0.673674269488684,0.149325086713478,0.208304485508898,0.35843762648978,0.306348686325218,0.277593939340466,0,"0"
0.586893780028638,0.940879476195865,0.178822671333789,0.542865057266293,0.314385023005819,0.245041454341398,0.906875951487724,0.773934694398288,0.927919166231846,0.816517377853414,0.238334422458823,0.914292552796682,0.242627582216375,0.857950215045447,0.908542828214457,0.424686244320872,0.355809492700627,0.442150911181797,0.899085477719842,0.437011244864279,0.359187902382158,"0"
0.728907971629816,0.88259548532195,0.0250249202943544,0.643956093014797,0.456004777070623,0.649891298086908,0.734746119311752,0.819044032615952,0.850983657592182,0.802404930068813,0.0450763344000906,0.387998249886641,0.112407434196547,0.937175402281296,0.917991782447168,0.233102828227781,0.280715315853085,0.191173001989215,0.323313369408306,0.981960184742072,0.521763219594771,"0"
0.286778617794759,0.393778316538763,0.991700167614482,0.540100998942763,0.461073519318099,0.166154755580479,0.623215194923629,0.863883424156698,0.73759507389711,0.500566017639356,0.982716201408308,0.867467457294125,0.443873216707258,1,0.749642400354766,0.999036190071589,0.1304972247629,0.365361724500461,0.310880966274235,0.98649104554625,0.521763219594771,"0"
0.552877274654804,0.0654609065489877,0.998618459816018,0.468857469082808,0.341810506672682,0.762979393313526,0.822112771123788,0.709808507441391,0.556813479990438,0.429485427472395,0.280898695923342,0.724346880103669,0.841190715459279,0.598711218555582,0.361738973524109,0.959976860390295,0.240437082733039,0.982028309778856,0.792404101770137,0.404704182137586,0.521763219594771,"0"
0.37265719599156,0.00572297414580461,0.982232918435165,0.200354765299283,0.719019981324503,0.774041650821401,0.889712721061171,0.729511322744974,0.676584605163495,0.724435598279041,0.0658848184795295,0.638797172547628,0.024596991144854,0.597329262727422,0.662377404993825,0.880135933185538,0.056764250322494,0.599594741570758,0.483877930211615,0.266874598360324,0.521763219594771,"0"
0.448126070022553,0.00619002372301546,0.812716804476062,0.0678433924018431,0.513533193146265,0.0885791019996612,0.975515542112402,0.338659467157978,0.663010658540232,0.300206504534812,0.281102878212101,0.259691628615565,0.213796944305739,0.381874930903451,0.591562337915824,0.826389805072917,0.777105491280193,0.485087332360027,0.459573356306327,0.204820296775694,0.521763219594771,"0"
0.301232684992429,0.719080955687502,0.0738596963910755,0.962258964166438,0.838821284308216,0.480144876196895,1,0.606537708873498,0.851320988834915,0.880311607729581,0.198703264072838,0.971669183488851,0.129561688868897,0.441100932934701,0.0192612027520738,0.573039678980634,0.269663243504591,0.422306552264758,0.558588517793019,0.974932060822444,0.521763219594771,"0"
0.393083884031346,0.0244652463257706,0.998757767706597,0.598905423031089,0.432921352255773,0.572194688797667,0.718469838020522,0.273556910790278,0.113016637631778,0.11005390418441,0.235814568536062,0.52867917604448,0.644379466166717,0.249094245819291,0.68168359059213,0.60593480271967,0.0664139281281509,0.591967229722817,0.351894589769011,0.441416138626581,0.521763219594771,"0"
0.487414885989395,0.547643938471606,0.0713008121424861,0.506103274482772,0.178384660223051,0.581503326076859,0.758033888456881,0.381391006593285,0.363648926109656,0.427175732704147,0.129767978145721,0.957789955504688,0.841190715459279,0.397450574886823,0.859466245880813,0.68512145195343,0.143992983007666,0.563630685221531,0.521145380971183,0.717643478893008,0.521763219594771,"0"
0.848880001572824,0.00488697126262544,0.983141356004095,0.481712735208412,0.130847820863442,0.107333421162384,0.872977570018775,0.862050078709261,0.749845824384892,0.818381957387354,0.137698117073952,0.400277109853872,0.112407434196547,1,0.513877770482727,0.313666949628208,1,0.192947416881491,0.334116796774731,0.461197118909107,0.521763219594771,"0"
0.483237403061654,0.00133983454337851,0.997419168554347,0.637041951277038,0.181662627422128,0.336316643806668,0.78628570034084,0.203264720403993,0.572874707144491,0.607246075929114,0.650050931843986,0.5034761088834,0.195914071506773,0.22380306282616,0.865470575047752,0.996192036094515,0.0848691194342412,0.6891083516866,0.438432198153437,0.238192455280382,0.521763219594771,"0"
0.472493182966788,0.31630000813828,0.0306478565348408,0.399954539082954,0.594229927298508,0.146447971548766,0.460206509383654,0.477296568868328,0.753307368084765,0.748454508394544,0.243909506580273,0.289936749602913,0.917553816488669,0.397450574886823,0.748346720074135,0.597252132399451,0.213877354058675,0.504840223331193,0.781404093445114,0.962635442534994,0.521763219594771,"0"
0.370085744333158,8.77014937465852e-05,0.998887625296025,0.440267187801094,0.440487203206534,0.645308078258554,0.774661707041839,0.725743684229099,0.604183453871766,0.637639189452037,0.0526371384090432,0.618223579137467,0.488313199209571,0.830789529159372,0.943060165060738,0.882607126871868,0.0706028082074379,0.754068858749386,0.724722830425604,0.201789024564559,0.521763219594771,"0"
0.40316172501135,0.000444072565931332,0.99595497033552,0.37093047853556,0.654503318805204,0.673531527285959,0.369598510869482,0.894752784248405,0.515099010776212,0.575973413326252,0.831310683293445,0.957725922266266,0.517068388328742,0.974165650411732,0.958767211537818,0.92154934343812,0.246063038727182,0.314474767543587,0.312646059885772,0.595501091908036,0.521763219594771,"0"
0.158754488226092,0.0209969824225059,0.909524220158124,0.708491102421638,0.256551685495739,0.676544435830119,0.965789940079459,0.53113128927043,0.882948756037517,0.792940625207766,0.407033068214748,0.774951470893983,0.155785803188193,0.646899962767193,0.850170165210989,0.791623685871846,0.083859648271156,0.4214982439485,0.286067324049307,0.336333627016698,0.521763219594771,"0"
0.488432445569842,0.00498806019290183,0.469110712929284,0.37943840095989,0.597591121826813,0.390428284437256,0.917859225338272,0.51833544720859,0.594867568834334,0.41691638757847,0.932938907667244,0.929862558395907,0.580277551332556,0.440851375378402,0.690710416703244,0.88352656940872,0.0254625891308881,0.709261161915829,0.828292981579769,0.550133557109938,0.521763219594771,"0"
0.882181988169456,0.474639393964877,0.0800351229191218,0.687208919110071,0.470468112784354,0.697032399671485,0.887526050711518,0.644513398074108,0.921508786695502,0.779780904662704,0.393927865774856,0.409719411027489,0.242627582216375,0.51889059494526,0.670903665872478,0.521886696207685,0.679036348837147,0.371168656613796,0.432409662511322,0.229788000945229,0.521763219594771,"0"
0.630705021903007,0.365451837700074,0.528472431603003,0.398158876720345,0.392597478998964,0.270209149413498,0.83897327044649,0.66664162678496,0.738507027024065,0.67857512986288,0.109272291975326,0.231991789044416,0.488313199209571,0.540372166040439,0.041488085863917,0.0739253459242185,0.759490574199859,0.105871599861748,0.0472817290052282,0.79367238728577,0.521763219594771,"0"
0.272832314533895,9.08771287526321e-06,0.978368375541438,0.797541441385054,0.0664246911279084,0.219886573255751,0.710204109869551,0.949430664485635,0.953235461699924,0.931707142338964,0.130932788612455,0.468333884545159,0.190145850574295,0.937270991234852,0.72757914056777,0.796821450969513,0.0603549602564455,0.423071311947929,0.872595242252104,0.102471086815746,0.509135750542302,"0"
0.566459759618553,0.56766930330516,0.227506345277153,0.359837611977311,0.456008948524195,0.870707006646269,0.405283312560666,0.872695100217342,0.70767831643162,0.732468810806685,0.427700157088405,0.583067102793661,0.547929101172447,0.894345026801411,0.993137435780306,0.754186703451896,0.141025096308181,0.262569732381695,0.192593216368137,0.779434136927371,0.521763219594771,"0"
0.0877671993852395,0.264668427624706,0.305332311412203,0.243666097468021,0.803429122375288,0.385591494908336,0.756533792429385,0.571263478791879,0.968542192062941,0.898751810051492,0,0.514235241484748,0.112407434196547,0.566370292330885,0.896385032311166,0.990664299349924,0.0453401749241379,0.327393118909664,0.135442515712703,0.262405221925882,0.521763219594771,"0"
0.510881570339154,0.0257707008499199,0.987575918515215,0.247801426704535,0.9008323579737,0.685468066323535,0.7408827745545,0.819055111905465,0.873039861482745,0.745661197986996,0.30159494705988,0.160240065539956,0.267136980849881,0.937175402281296,0.724344800981889,0.907296198218928,0.0576054890525639,0.561204018274549,0.299376685856669,0.533101258317512,0.521763219594771,"0"
0.373559439935876,0.469606678243893,0.206847465134869,0.665383152050464,0.35714668579475,0.404274372105929,0.490598651721354,0.530147071954535,0.962419637831704,0.910871389457177,0.393778529790634,0.208644894117682,0.239408720738018,0.562043822883398,0.77515259462909,0.492444327438756,0.139029456266529,0.203708531232803,0.1850549078407,0.884701770662582,0.0703793013755033,"0"
0.572584270204911,0.590969450717823,0.176583749948312,0.792156911227219,0.212821048321579,0.570932559738474,0.16204103126649,0.641866829390222,0.846665416644499,0.688892046995367,0.0903883155045686,0.483593300544597,0.024596991144854,0.805198228555268,0.420387928691361,0.747850564904226,0.899396144971162,0.43691990373388,0.356800176916889,0.203317761408619,0.196080507016067,"0"
0.387068733774244,0.432217882440542,0.191024835952501,0.590996672234092,0.452341746772051,0.0190058437029208,0.0132371182462646,0.374901155882417,0.809860662538936,0.483000042329571,0.0852983635732911,0.447275210008357,0.267136980849881,0.352419436975579,0.788347374034777,0.350968624795091,0.281642162715396,0.51817427018429,0.380906888823922,0.593532332336859,0.314325421211458,"0"
0.465782374776299,0.986558018251372,0.999912140828898,0.944556331385958,0.82214949165451,0.229036316460135,0.450210340843527,0.799104146115413,0.847970948567948,0.607570003134018,1,0.103599040297178,0.443873216707258,0.812450935093031,0.861087287150022,0.515381315773077,0.0517152628274929,0.191235349283168,0.0311841514950754,0.723177225803833,0.521763219594771,"0"
0.224039969393452,0.997464347719757,0.990140341952185,0.860824672204797,0.230422601379014,0.418286661397148,0.583773945137363,0.221836963029293,0.783864955362637,0.760722659704601,0.578768300027868,0.834509812082043,0.337864608476014,0.308800906750421,0.915250219421614,0.896875850979586,0.0533237905935834,0.677919051791517,0.960843987754039,0.362563702828754,0.521763219594771,"0"
0.290904489996192,0.858339981696894,1,0.51130232785396,0.41558831524366,0.539826709968608,0.56788510962889,0.874265668260682,0.930728508121615,0.94542740982409,0.81200080723272,0.461283551009558,0.277912662611042,0.849441183223467,0.404071745425179,0.964202727312007,0.0456876662136836,0.74607498446645,0.527827241332449,0.469244754883366,0.521763219594771,"0"
0.739558563265695,0.131779159406263,0.93731858179908,0.139851267672123,0.925473582497119,0.57620806581042,0.807524867703014,0.706653982420737,0.820218937656726,0.796515474050917,0.969672492343154,0.580681683039268,0.917553816488669,0.815024250612005,0.740351380007635,0.600996876865958,0.136406661147109,0.397628753086778,0.260023183112719,0.456770734555655,0.521763219594771,"0"
0.751070903910624,0.0589391530244983,0.885508582713935,0.212386064922272,0.664411895745395,0.866147080371059,0.386280443400456,0.722434260949804,0.587566811346662,0.681155856094279,0.291696548883346,0.851902066352149,0.580277551332556,0.625091844270578,0.466300634159089,0.427503666565804,0.180901100164035,0.584866848596647,0.499760005237264,0.577109368917173,0.521763219594771,"0"
0.572406125713155,0.000340316766949423,0.719004571971661,0.270602322001447,0.585737583310786,0.871951903336321,0.603141116604182,0.734811803866385,0.816888772422449,0.591034415960779,0.46560435358729,0.152154275841448,0.0918871254146228,0.768207980424833,0.669585214400441,0.434711365220698,0.139576761782614,0.806859851301917,0.705152425123294,0.3062109108514,0.521763219594771,"0"
0.885421385990121,0.331485586780787,0.991338576892183,0.399079693101132,0.633399258007942,0.921310655574485,0.662796044007228,0.737101968769393,0.356962249541381,0.304630770389471,0.0543021191594263,0.549131738479807,0.112407434196547,0.937175402281296,0.589069679077258,0.17418948747098,0.332032457754266,0.897185478040636,0.89094366267823,0.437408886427844,0.521763219594771,"0"
0.506696893418782,0.131011914283582,0.992086675930658,0.0236034035928991,0.952834533730097,0.384381159492597,0.443289270368314,0.725601400889953,0.412156603422457,0.487216807759663,0.984097994209572,0.497715449668256,0.242627582216375,0.647143011751358,0.625502052100681,0.272968101564014,0.282658346790203,0.814087518062853,0.898154856512913,0.920802527958911,0.521763219594771,"0"
0.50976385892433,0.220712005813202,0.859718036441162,0.0727927823013494,0.88879877470542,0.813672972077405,0.811222813425263,0.4508028389309,0.806817268425704,0.927354286275853,0.714007951054971,0.71073472216602,0.725812456184733,0.598711218555582,0.650796758433816,0.444681363878847,0.0913767066597596,0.845176489366622,0.915663044837266,0.162884990452461,0.521763219594771,"0"
0.322394911870237,0.0601674952539699,0.911352825629409,0.407911260704648,0.774080446079368,0.340536328964963,0.423911607988998,0.792528020308987,0.52264024159269,0.334443922485652,0.761764168193332,0.722398072201324,0.636489539152457,0.725866044217847,0.419298297656785,0.969796494405671,0.598472699474367,0.257374545432784,0.156171598370575,0.530640891313677,0.521763219594771,"0"
0.361214403026947,0.665488894004384,0.426624835133935,0.48864724468026,0.320459794878032,0.443622209881142,0.280464490613103,0.213476693270532,0.623947030438549,0.67450641781658,0.159118840497246,0.16775553937662,0.31058564235049,0.239824213206089,0.746538066215269,0.650782682911203,0.0639745131380726,0.771112618454202,0.948415083131725,0.401103837633869,0.521763219594771,"0"
0.659375530273111,0.0662820039573408,0.933345831849351,0.523742602434158,0.367157155233458,0.124986162545615,0.813190786851195,0.694988551637558,0.889732371823225,0.751168520019749,0.743715562478564,0.780945648158773,0.253098732281529,0.765588753908685,0.760385844528093,0.647011445956092,0.172563719553579,0.506327100157797,0.457134257098188,0.43376841158485,0.521763219594771,"0"
0.480633484550259,0.223644471814773,0.987662410123605,0.669219924970533,0.166565794945199,0.245708918998903,0.855330139257411,0.52734011418926,0.685961338360181,0.507880518962088,0.362530931805124,0.889889357997867,0.329627194791779,0.398308100678671,0.681276038245076,0.591960258788481,0.0565695429424133,0.451863358334522,0.308911266903384,0.577340456704381,0.521763219594771,"0"
0.600971630900435,0.0530433959553864,0.995808367007782,0.225923045837295,0.363469142723033,0.362489712754669,0.942327092671437,0.751795604764901,0.870094818212157,0.794463875038726,0.72513780878136,0.688226431385816,0.669838997478102,0.77180942864346,0.782851542174649,0.855766590001692,0.0501566526911103,0.46823838168388,0.286740081205221,0.571492591182313,0.521763219594771,"0"
0.333268346871642,0.149871514825895,0.326555202734949,0.741531811760956,0.138677419883705,0.261987475507876,0.431106560185465,0.885175936167746,0.740769220770901,0.420444220320248,0.287745718349799,0.615564681887276,0.4595711092006,0.889568301798162,0.431629111180482,0.975426060648869,0.848399453080945,0.238234192138854,0.193168964212442,0.362054851260074,0.521763219594771,"0"
0.713150360826563,0.0251195887734973,0.863798367471288,0.427032855429666,0.250232071074845,0.466121969474394,0.89558298889561,0.758266469565601,0.597901524239688,0.374237052642977,0.885545557506545,0.335137928110946,0.56092386565627,0.732579391689533,0.13348059309547,0.469520174805255,0.202028310462941,0.419770002005274,0.197583605519227,0.500671986265001,0.122439204471469,"0"
0.748366943273931,0.0149842916152144,0.928815849574715,0.417861239459097,0.209262061654751,0.39752961563725,0.758147258003252,0.409370297018686,0.746961909244205,0.570986759780161,0.310242301118296,0.937319118816732,0.37466201521537,0.497338809087712,0.856728390478867,0.444207320985297,0.0953784214850377,0.429426697426951,0.382278168103339,0.710429920703826,0.521763219594771,"0"
0.488830975502841,0.385861285170235,0.989551446103727,0.266054623798298,0.516386596760856,0.542106210594808,0.790789584489261,0.875709301105374,0.847867851883266,0.652785952401965,0.970433395609045,0.495468068766798,0.766561645382258,0.819468846564003,0.820168591537098,0.728365382715287,0.0974324257422951,0.617540288417627,0.557544258344347,0.416951289772325,0.521763219594771,"0"
0.268802061766554,0.189700659271983,0.829983651053199,0.626182207542023,0.646853098646402,0.492385304600077,0.656835095964422,0.439347428376636,0.714962699667084,0.366865858362654,0.279550348665469,0.505952196718911,0.323055964092627,0.269643149691037,0.844010798193023,0.792446574461802,0.280072790571194,0.320723031766018,0.314330234006172,0.433398651553513,0.31793551779769,"0"
0.465182660311174,0.259316295279817,0.793242080946901,0.230891700980831,0.675525458282664,0.576046103657087,0.923045729871213,0.162991236268,0.455669612447818,0.277119432135896,0.766053319394934,0.602354897113562,0.192074650314344,0.176388095716325,0.782483087732228,0.311606900552859,0.163849660189131,0.844703857018063,0.809259216647105,0.720930639306446,0.521763219594771,"0"
0.760825469985227,0.0521735308233325,0.771270775425559,0.184266914371699,0.493799744341668,0.68736327171891,0.87657244630987,0.436470662960081,0.916652045852963,0.891785956007828,0.871219225801259,0.572544333139001,0.25766272510399,0.426352617801981,0.632244224261663,0.2804658481393,0.276081810980844,0.783215216067896,0.677842343388823,0.477552779637352,0.521763219594771,"0"
0.70984333617289,0.0269969122662977,0.93659365165614,0.231141596390527,0.845407639624065,0.557992215214146,0.881558702891063,0.658760971906962,0.924625228446588,0.780619303036483,0.740702571170192,0.678405936126105,0.383035259521001,0.628918311690755,0.984907939005198,0.980167468272057,0.0524719815121929,0.428409810217627,0.711742642206136,0.546139931312868,0.521763219594771,"0"
0.391433939959252,0.163991447459715,0.726457144667605,0.316244935738922,0.393277758373871,0.606037284032954,0.914289452370093,0.564026868340392,0.898508457600453,0.667370689930577,0.547106621009517,0.856279081750517,0.702108258977694,0.735017608739291,0.814258448203895,0.722268127530352,0.632467337469234,0.54218053264631,0.311916899316397,0.631126495386248,0.521763219594771,"0"
0.472285815316237,0.671223174462735,0.370141717274581,0.450975565550289,0.363737184459661,0.498270414068339,0.724071632471815,0.413934973348766,0.450718175094714,0.662526856940508,0.682123754496949,0.767152919349303,0.199541344063063,0.344271337231638,0.790595404216588,0.916682809524259,0.076304361083602,0.308937248396496,0.120098931732931,0.0490990954081973,0.521763219594771,"0"
0.527379177687045,0.00122903085241543,0.979915460957806,0.216127487067283,0.715703884820364,0.516319714032753,0.821196994694247,0.615446612067545,0.909038667989516,0.929595282631825,0.750831665317886,0.5108855422725,0.676454027622355,0.656458162373944,0.757339848598678,0.668805617054954,0.235413266918571,0.768412018799182,0.407440543178817,0.644690484832223,0.521763219594771,"0"
0.587041936876996,0.246460539588139,0.808669084250625,0.753335957325918,0.400011408601983,0.589846013765621,0.777634563581263,0.295200359491886,0.701845903368947,0.794854651852563,0.322912769920294,0.873786545226344,0.242627582216375,0.269789313439074,0.82878033042863,0.726037264111711,0.48243517795861,0.483663052376162,0.395895505583027,0.496955716764085,0.521763219594771,"0"
0.607462042072058,0.00441805311229988,0.895166815955407,0.501989933346203,0.509824288123179,0.32954172207703,0.229429283385402,0.49305072377256,0.781347788589974,0.671682168434557,0.925378931949595,0.254167909344093,0.170210505049482,0.504595562091125,0.854952904608742,0.618143568140678,0.105680723964771,0.681493970533749,0.361317625163873,0.354458384348174,0.120313860797329,"0"
0.239968702439696,0.533176520669037,0.246754223172174,0.674929366310539,0.321821891530287,0.304209747450885,0.888631347143421,0.565094311718065,0.785002828949224,0.67320611010452,0.527542197699625,0.535246915067854,0.403316333195898,0.706754476700388,0.189974609618013,0.46342920645132,0.537396588826389,0.16045995380275,0.143819120355796,0.693310381539995,0.371083314429639,"0"
0.280604707278503,0.854009329361331,0.0790310614462479,0.870443892252157,0.10019632859989,0.63045655761607,0.593211516969743,0.364776566198028,0.601604553208335,0.536866177863024,0.230260688017406,0.927297705645671,0.329627194791779,0.45013776447984,0.0832270750122585,0.615924557399204,0.986022300982535,0.411237205559843,0.310031890195425,0.379894889061447,0.521763219594771,"0"
0.672305434047032,0.1931195311212,0.936210357430564,0.252559841293502,0.69451493131328,0.753797150601277,0.922772841003649,0.408617545706892,0.672501282546035,0.760151006227933,0.89516654235101,0.483787230957565,0.252818181016013,0.322030791853294,0.861539243321074,0.765407702839256,0.377722159660029,0.730140584812929,0.724861347806684,0.794969665217234,0.521763219594771,"0"
0.220193048647517,0.0803628730184585,0.928390079705596,0.44531124166723,0.618588338784698,0.279387690344244,0.130492919046622,0.620230015130625,0.713630252769098,0.631255511685603,0.759202173152039,0.747763286757698,0.292117913532252,0.667986562593959,0.763527856755789,0.37977971833448,0.235405211272485,0.43720968183269,0.419963711795996,0.451271135557648,0.521763219594771,"0"
0.648907612059213,0.531721700730599,0.557298233792475,0.36132047259067,0.582632852694057,0.857438515171303,0.818354211018148,0.805977308951175,0.720388198902852,0.681046027766323,0.230104452810918,0.13856138216532,0.024596991144854,0.746345385861926,0.664975510690816,0.712060638973968,0.0916161818952133,0.61658230581958,0.365924050493369,0.398121043560837,0.2459394378994,"0"
0.6689222068358,0.0938609326979577,0.906684098863262,0.609330958292319,0.359840945336263,0.635279476159787,0.962544846519114,0.597628743011026,0.849415989810061,0.792272605583751,0.204189912611497,0.768999087575933,0.186880675436711,0.581909019742459,0.771777203736397,0.317449234034316,0.345630605863163,0.779843845968771,0.936190669456952,0.302429618618726,0.26525606399091,"0"
0.684233833747615,0.205872395420866,0.847290185714247,0.649538892125082,0.424901096700075,0.4695387381341,0.894118612737604,0.606147351391752,0.808911011424774,0.738225507492155,0.211778032303265,0.486622475934488,0.137809165128475,0.674809161360484,0.878276447074983,0.560164377002845,0.165439550152808,0.421282775369198,0.413164622909298,0.875147774037684,0.521763219594771,"0"
0.450885335415503,0.1369272144401,0.985604364259063,0.584990439113962,0.529776417321462,0.184178577036525,0.705924386363418,0.751363945272316,0.736797820213563,0.542378774810683,0.982716201408308,0.865043419194581,0.425933285116542,0.831017123461429,0.729890450471649,0.968249478425826,0.123646960993154,0.370441485629546,0.320130414813312,0.932486363519425,0.521763219594771,"0"
0.544586497949642,0.0904718154867664,0.996126265453127,0.314099012223183,0.427343415365033,0.517308529937455,0.93951102871084,0.614430536130677,0.77885809366889,0.613227909617535,0.285406436429174,0.774706378609761,0.633750229872011,0.585142719720791,0.575371904827532,0.895750271969587,0.221743944681839,0.722792767488842,0.491694517779937,0.415930621413086,0.521763219594771,"0"
0.655103088214268,0.0140509432784429,0.931523205845466,0.207607949883935,0.651337611801956,0.693608377976939,0.833512418520338,0.690405543830356,0.758799939278018,0.746223301493464,0.0663890092032022,0.609248898644874,0.0301071649814586,0.576923516119503,0.677061566248436,0.887071674428559,0.0560473806748786,0.552840026652053,0.478532265841792,0.489983594799396,0.521763219594771,"0"
0.665188982253196,0.00485083854079362,0.875029256488215,0.168654908890545,0.646766518557883,0.288452778755935,0.839106909851995,0.565105745123364,0.696926522601988,0.613117599874805,0.280931497439307,0.490982205071534,0.429447482498074,0.61469013520127,0.451231532865312,0.957159240252865,0.839661216934975,0.36206388080977,0.369599818122997,0.281111271268911,0.521763219594771,"0"
0.416031815029352,0.203260133096615,0.737596512645197,0.747596343138754,0.896179420088509,0.468688073914801,1,0.55201485231011,0.835232276813231,0.840448852347184,0.374563368379854,0.727546234626004,0.156057126932916,0.387097202614074,0.590149426781748,0.584775385098419,0.15858887396795,0.415839333611397,0.506775619991606,0.938134158212947,0.521763219594771,"0"
0.632964975749766,0.00158407872271722,0.798011746762555,0.434433104619107,0.651069551894738,0.596701585029817,0.718469838020522,0.646100476575232,0.184068550831125,0.203678438105676,0.242209553813863,0.553791405692072,0.904152376458404,0.796550764028767,0.737473244265266,0.601239122586043,0.132972944134504,0.3561972886041,0.193364060256838,0.375905966276546,0.521763219594771,"0"
0.37232815486386,0.856229673056939,0.701642978577954,0.679344228808332,0.175855763772337,0.438624112412254,0.796402108301108,0.325969559382695,0.415480388539743,0.507182240985345,0.225008550932087,0.921516065265254,0.695425158467764,0.351823367846663,0.864011273605783,0.710625794591814,0.211446769808984,0.563630685221531,0.521145380971183,0.290017831809257,0.521763219594771,"0"
0.852974113217729,0.00489218362070506,0.927995528332592,0.427758656514984,0.091531027024808,0.26073324304438,0.975234864445058,0.798491193615566,0.744578224422329,0.823256108829363,0.17439468638741,0.350211462121028,0.17853573922316,0.793708237746728,0.502431016622339,0.503160067681591,0.375592819840487,0.600962497157854,0.287173129486868,0.433775987516443,0.521763219594771,"0"
0.551924063615391,0.0708416174733879,0.988618606494142,0.469008300242398,0.389074189562493,0.646328668537051,0.66516162181729,0.354763734025782,0.619621830969236,0.565730276398564,0.663215475865415,0.454075690083699,0.191290355828582,0.389740663875033,0.859989247251785,0.993059771515663,0.084110590724372,0.476161755307846,0.241230119308985,0.163223240880993,0.521763219594771,"0"
0.48763888933925,0.264139620860519,0.286945703028463,0.357314880761891,0.737071736760223,0.214732469748864,0.67412037912165,0.516773540738038,0.780109374075061,0.778131901959307,0.238133597986717,0.338861585009168,0.917553816488669,0.44195941746721,0.746428705329114,0.598150465058644,0.195292787289094,0.502611984565809,0.763958885851014,0.601386642179885,0.521763219594771,"0"
0.365601121879281,0.00799555321186635,0.986762484075286,0.334023395151243,0.545367980544582,0.439059961534436,0.693511927073059,0.714722162996123,0.683664536878337,0.639619378328343,0.243661889171817,0.643919473414926,0.483367089410994,0.862701240057047,0.942145892325095,0.883076221834993,0.0700347475967471,0.566945439542774,0.490244421330089,0.347231204787616,0.521763219594771,"0"
0.603616641243115,0.131674339356713,0.937365380177942,0.344034544335588,0.694962168697031,0.65075105021234,0.892607781567395,0.881816685101513,0.552221148948983,0.608799803286993,0.50780167669058,0.926150277175256,0.460493746633765,0.974165650411732,0.827548537383248,0.931639421367477,0.198662271421992,0.358880126271745,0.312646059885772,0.409285062637839,0.521763219594771,"0"
0.40651205019002,0.0730910547319586,0.922594206003693,0.507939805901053,0.408082754231997,0.637289653836567,0.923954830628904,0.493016907761742,0.876608961315219,0.836798014823358,0.537727548295237,0.661425963239458,0.128748708462965,0.505652026558763,0.878975207183451,0.915682751389285,0.0598510312148119,0.396341296653947,0.265354808207026,0.553951662716339,0.521763219594771,"0"
0.53048508286554,0.00190290258841628,0.915879911429559,0.465273544743174,0.59805194749045,0.396918419619728,0.880482536479757,0.680919443886194,0.561753413882663,0.485533785866935,0.375222929856238,0.804348304755741,0.448755166160106,0.623285554200195,0.854989451097082,0.5285573378144,0.050775672261394,0.734713148304413,0.927715588364687,0.485164455905245,0.521763219594771,"0"
0.660524732855549,0.64295593212435,0.141447302343708,0.789658915062001,0.317242184140361,0.68563572838697,0.813304768153566,0.572291377489109,0.920182001166755,0.787808702724305,0.914103235015675,0.568318940890622,0.3329774107515,0.406925868379852,0.902711294516059,0.877632850479736,0.0854329513994934,0.39880271730092,0.423765018606481,0.200944119432818,0.521763219594771,"0"
0.450548296818485,0.438700429658399,0.30228442335078,0.361855201760408,0.614338573147676,0.270343602958025,0.365835141663667,0.66987987183937,0.747367099236605,0.695304003147326,0.0887875401077473,0.271112927521432,0.723199987319066,0.545605818836176,0.625525025098357,0.570294532904018,0.657937086744135,0.178206205198219,0.0500044858809773,0.79367238728577,0.521763219594771,"0"
0.522827758048458,1.45866695133636e-06,0.815293700079562,0.783079863402319,0.0694874831078848,0.384529657571751,0.770265474774012,0.810448553688238,0.940830928578117,0.948356016032539,0.177628719874772,0.63891894648079,0.311792084734257,0.91638643000926,0.889864252237483,0.912449119045597,0.055383538116486,0.526928827578994,0.574563530139488,0.156080506971464,0.514123552401325,"0"
0.256540075762116,0.0589874912710117,0.44592440885588,0.487913247474673,0.47437296811409,0.499653629555857,0.802951076168155,0.789568722776728,0.679109164247429,0.645733424378155,0.506743509005297,0.528831004455992,0.178310805539348,0.845425193085672,0.911025657698211,0.954880383190402,0.0598192683517176,0.623122368475599,0.391950226387419,0.644618750305704,0.521763219594771,"0"
0.106071073304522,0.230053602128402,0.465422704604652,0.297719829426195,0.841840993654189,0.328123473052122,0.786373638329074,0.52418301515728,0.856609747798991,0.736210382835856,0.265787232343652,0.527211087743843,0.14570709324475,0.504563022640145,0.884057378849231,0.992868576217393,0.06110299830106,0.311771295702158,0.109496808326065,0.255228967418195,0.521763219594771,"0"
0.517365670983046,0.0226572980688882,0.988830315377843,0.343848646702633,0.73195333230837,0.502399575408862,0.722910671804842,0.76463138065414,0.808371793206926,0.619411179448562,0.227305434119497,0.0066319988845927,0.382711351357469,0.85696309691324,0.740887838173384,0.967288376717619,0.10527209476621,0.487706118830648,0.306157017373627,0.46069567448787,0.521763219594771,"0"
0.596341566701876,0.521612721945907,0.217803592638523,0.654135808252899,0.457544800466401,0.38714880699684,0.490598651721354,0.369018018581359,0.710567181456415,0.655503961147262,0.393778529790634,0.300570643157963,0.207269145959441,0.464185400693431,0.841891412778481,0.864679474474909,0.0990086668954133,0.244722910116895,0.134065717581952,0.836847337580171,0.307673246556755,"0"
0.294458219561743,0.505302192901156,0.197946227407649,0.767873259157161,0.24463552121327,0.595849632049693,0.352908826908322,0.612209873270637,0.88551976650764,0.783071903790094,0.0903883155045686,0.518737283578084,0.0378685038631649,0.748645435383772,0.420730908860021,0.754794129959662,0.89784018286464,0.337211994009956,0.250765458090688,0.354062495575908,0.389784898489419,"0"
0.524710868192071,0.444709306531546,0.196311103324983,0.40803401480008,0.34601958551547,0.423824583300173,0.108873523231474,0.401913024620444,0.706626645920623,0.695875990432444,0.105215792453302,0.468898024971108,0.319753808044859,0.340966887747213,0.268946116385192,0.637744061005784,0.130235557290098,0.424801109306514,0.287218979189181,0.578275400069633,0.335649619298095,"0"
0.413506693099281,0.544043330029526,0.321042118556734,0.773467144649113,0.770886209191872,0.232876879917038,0.480359677510447,0.822760684438238,0.846192378971348,0.642913129961607,0.554533920669187,0.0462521350252882,0.765091287871598,0.844975563291474,0.841971450999974,0.72345224580743,0.552060152139293,0.227277102848574,0.154396609366505,0.343794369964795,0.521763219594771,"0"
0.315260671234288,0.847082709841055,0.990528903432467,0.59201975681271,0.422774400227697,0.5169321284066,0.75557409749141,0.243634516201202,0.856977959350301,0.827390157574954,0.553624106777085,0.779753714358694,0.295196422075204,0.346025019211747,0.900287210542189,0.926728795459953,0.0628058397621587,0.644360673980596,0.951868875604686,0.39244700853637,0.521763219594771,"0"
0.368918499423789,0.848076747961897,0.998857801327645,0.256789375818416,0.678035467819259,0.421495966670723,0.56788510962889,0.966588872631792,0.924515981326401,0.874234762922212,0.910225716370783,0.62713366289221,0.277096292530128,0.973118159585838,0.404904196931168,0.963931802046602,0.0457233631439715,0.78607452227083,0.791316372183189,0.22310949555957,0.51328915059683,"0"
0.553982288657183,0.102996060481702,0.831029784789291,0.141433013803826,0.877814571767991,0.421086772001119,0.815852291068932,0.625305476465199,0.753777723871741,0.79129722703724,0.895973172414194,0.649031945793329,0.732314229122454,0.692289803956121,0.589836646766946,0.505710567074888,0.160843991534919,0.301669212842964,0.164995252667444,0.47405981488047,0.521763219594771,"0"
0.785615548012442,0.0163375913882638,0.962458457325123,0.17745820545328,0.550311601923459,0.646894476550371,0.651712227350163,0.642895805052677,0.559006467419622,0.53214371844471,0.886127107818804,0.63759585515861,0.580277551332556,0.582668396707729,0.514694641259878,0.525845081757721,0.147380759288547,0.712128090621603,0.515134130366068,0.712950994244351,0.521763219594771,"0"
0.638605774286827,0.000119640456968238,0.761224355823604,0.291171917644106,0.48616576509955,0.669674908712206,0.818498787069208,0.621286105697894,0.74729940788881,0.605568595579733,0.281541182551888,0.616878836749927,0.430996319406071,0.738900411288831,0.856443303368848,0.40322961075334,0.0922955375842602,0.646799888371647,0.583170139666244,0.312081693806566,0.521763219594771,"0"
0.7268803727735,0.182286186693211,0.909412278738735,0.512550928126588,0.4764428021957,0.66112211472767,0.951453516793993,0.710676007405857,0.61840539982763,0.653841302060148,0.0562142186526525,0.707186275955079,0.0435866874326599,0.677504465754365,0.655377863951572,0.15470220818507,0.235061628891747,0.591424145142447,0.792829724086641,0.509992962619587,0.521763219594771,"0"
0.477924221243486,0.118906762224924,0.993292885261058,0.174742784821407,0.773399488818202,0.195956435506771,0.57782215534058,0.777975414543417,0.469611980872309,0.550625040161624,0.984097994209572,0.44834722102121,0.267154611212487,0.742453018464393,0.673838531501148,0.315294379173008,0.267879775955895,0.775331544399918,0.838503682140349,0.709405982124623,0.521763219594771,"0"
0.500312899164442,0.184565356180769,0.882407489472844,0.244258724470303,0.819894082207346,0.699567495925093,0.801006583793888,0.406659047373852,0.82104811818487,0.896979049685154,0.892584768144016,0.670788764489627,0.725812456184733,0.520988255295441,0.650796758433816,0.444681363878847,0.0913767066597596,0.593524989240762,0.277253188088021,0.237226424302722,0.521763219594771,"0"
